,image_id,bbox_ltwh,bbox_conf,video_id,category_id,body_masks,embeddings,role_confidence,role_detection,visibility_scores,age,costs,hits,matched_with,state,time_since_update,track_bbox_kf_ltwh,track_bbox_pred_kf_ltwh,track_id,bbox_pitch,jersey_number_detection,jersey_number_confidence,jersey_number,role,team_cluster,team,ignored
155,5000000010,[     1185.1      671.96       39.26      90.889],0.8464866,000,1.0,"[[[          1           1           1 ...           1           1           1]
  [          1           1           1 ...           1           1           1]
  [          1           1           1 ...           1           1           1]
  ...
  [          1           1           1 ...           1           1           1]
  [          1           1           1 ...           1           1           1]
  [          1           1           1 ...           1           1           1]]]","[[          0    0.052965     0.65797           0    0.033692     0.10505     0.12888           0           0    0.072309     0.36328     0.03965    0.023077     0.10064     0.17857    0.079188           0     0.05443           0           0           0     0.98067           0    0.092265     0.26892           0
            0           0           0           0    0.036497      0.2055   0.0069174     0.24304           0     0.11896     0.11066    0.099787    0.077069           0           0           0           0           0     0.24751       0.131           0           0           0     0.11213     0.21545           0
     0.085331    0.008617           0    0.055893           0    0.022793     0.11724           0           0           0           0    0.060317           0           0    0.097627   0.0062464           0     0.34533           0    0.015103     0.13201           0           0           0     0.14746           0
            0   0.0080083           0     0.14656           0           0           0     0.24119    0.031266           0           0       0.145    0.073387    0.086281           0   0.0017095           0    0.031254     0.18763     0.13555    0.080632           0           0     0.60228    0.038282           0
            0     0.16373           0     0.12497       0.136           0           0           0    0.073646    0.017707           0    0.015163    0.053755           0     0.66648    0.024837    0.039219           0    0.044478    0.080171    0.017846           0           0           0           0           0
      0.11516     0.39936           0           0    0.055667           0     0.14013     0.05259    0.011783           0    0.030202           0           0    0.029468     0.22552    0.093628    0.010952           0           0           0           0           0           0    0.019299    0.097457           0
            0      0.2543   0.0010287           0   0.0044753           0     0.19591           0     0.13402    0.021138           0     0.18583    0.032827           0      0.1378     0.16756   0.0001919   0.0097943           0           0     0.58317    0.037953           0           0           0    0.026882
            0     0.21522           0     0.39865    0.075027           0    0.064257           0           0           0           0    0.038283           0           0           0           0    0.053154     0.11536     0.05058     0.22861    0.073589           0      0.1176    0.084657           0           0
     0.011134    0.068687    0.022849    0.095253           0    0.083459     0.14462           0     0.18847     0.30521           0     0.13336           0    0.088022    0.078757           0    0.009673    0.034787           0    0.024583     0.11291           0           0     0.16306           0           0
       0.1383    0.012606     0.35537     0.48283           0     0.16077           0           0    0.034154           0     0.32293           0     0.15785    0.053183     0.02444     0.15289     0.11214     0.02185     0.13511     0.24111     0.14322           0]]",3.7170984745025635,player,[ True],10.0,"{'R': {1: 0.2289925515651703, 2: 0.25647199153900146, 3: 0.5288817286491394, 4: 0.10558079928159714, 5: 0.5501962304115295, 6: 0.5093303322792053, 7: 0.339945912361145, 8: 0.579728901386261, 9: 0.36957046389579773, 10: 0.5606783628463745, 11: 0.5556563138961792, 12: 0.5279337763786316, 13: 0.3567248284816742, 14: 0.5400620102882385, 15: 0.5927255153656006, 16: 0.4505803883075714, 17: 0.5830342173576355, 18: 0.3148806393146515, 19: 0.41116055846214294}, 'Rt': 0.5, 'S': {1: 1.0, 2: 1.0, 3: 1.0, 4: 0.026537483571400067, 5: 1.0, 6: 1.0, 7: 1.0, 8: 1.0, 9: 1.0, 10: 1.0, 11: 1.0, 12: 1.0, 13: 1.0, 14: 1.0, 15: 1.0, 16: 1.0, 17: 1.0, 18: 1.0, 19: 1.0}, 'St': 0.8, 'K': {1: 828.2466747327269, 2: 1730.8791137992685, 3: 5926.270868399898, 4: 0.0034375795925785492, 5: 20380.019717548577, 6: 28885.454805310656, 7: 2003.042170853056, 8: 1106.5144018888384, 9: 4647.791649185117, 10: 29976.891645872623, 11: 14860.81028085123, 12: 368.9443199332311, 13: 3442.552758508212, 14: 19337.42357998626, 15: 6196.949026913597, 16: 4631.691383643067, 17: 42669.33773870178, 18: 1084.566575032956, 19: 539.2017449750556}, 'Kt': 9.4877}",10.0,"('R', 0.10507008318315204)",c,0.0,[       1185      671.96       39.28       90.89],[     1184.2      671.91      40.296      90.967],4.0,"{'x_bottom_left': 3.5993750663963957, 'y_bottom_left': 19.873317214497405, 'x_bottom_right': 4.368314110435533, 'y_bottom_right': 19.882914436029463, 'x_bottom_middle': 3.983839862432909, 'y_bottom_middle': 19.878115766277865}",,0.0,,player,1.0,right,False
156,5000000010,[     1007.5      777.99      36.237      98.729],0.8444076,000,1.0,"[[[          1           1           1 ...           1           1           1]
  [          1           1           1 ...           1           1           1]
  [          1           1           1 ...           1           1           1]
  ...
  [          1           1           1 ...           1           1           1]
  [          1           1           1 ...           1           1           1]
  [          1           1           1 ...           1           1           1]]]","[[          0    0.052002     0.51467           0           0           0     0.12234    0.017508    0.056946           0     0.23627    0.052475     0.02905     0.20978     0.04706     0.14364           0     0.09345           0           0           0      1.0254           0           0     0.11385    0.048688
     0.085228           0           0           0     0.01929     0.12389           0     0.17942     0.25493     0.15485      0.1357    0.049432    0.066825           0           0           0    0.014198     0.11914     0.13326     0.11054           0    0.013359    0.045151    0.099982     0.19181      0.1356
            0     0.05977   0.0039191    0.028601    0.046068     0.14759    0.081742           0           0           0           0   0.0028388           0           0    0.084498           0           0     0.32087           0           0    0.012668           0           0           0      0.1099           0
     0.027375    0.021905           0     0.01578           0   0.0012646           0     0.19388    0.002522           0           0    0.092608    0.040976           0    0.046104     0.11582           0           0           0     0.11774    0.070637    0.012849           0     0.71844    0.078546     0.10517
            0    0.064958           0     0.17248      0.1506           0           0     0.10488    0.077576    0.060589     0.10923           0    0.012758           0     0.64089           0           0    0.039509     0.05273    0.039373    0.076657           0           0           0     0.20989    0.014663
      0.21217     0.33086           0           0    0.056594           0    0.099414    0.045654     0.10584   0.0065985     0.22166           0           0           0     0.28657      0.1225    0.098678    0.040016           0           0    0.060399           0           0    0.013752     0.12283     0.14017
            0    0.099663  8.9392e-05           0           0     0.05922     0.21639    0.039624     0.29895           0     0.10154           0    0.030836           0           0    0.099476    0.039893           0           0    0.013609     0.46013     0.01482           0           0    0.031241    0.091553
            0     0.29338           0      0.3392    0.085748           0    0.064481     0.18166           0    0.012037           0    0.066786           0     0.14243           0           0    0.067408      0.1437  0.00071061           0     0.16834    0.017766    0.079591     0.14114    0.036969    0.010391
     0.014574     0.03611           0    0.096347           0    0.069923    0.069167           0    0.076371     0.22182           0     0.07624           0     0.17551    0.068336           0           0    0.094622           0           0     0.10377           0           0     0.20761           0     0.14999
     0.076715           0     0.24926     0.66847    0.063954    0.023657           0           0    0.060717           0     0.38174           0    0.061109    0.087377    0.032562           0     0.20743    0.038519    0.071045     0.39404    0.057071    0.074421]]",3.684074878692627,player,[ True],10.0,"{'R': {1: 0.07942566275596619, 2: 0.2791946232318878, 3: 0.5337374806404114, 4: 0.25520631670951843, 5: 0.5488985180854797, 6: 0.5165086388587952, 7: 0.3004430830478668, 8: 0.564258873462677, 9: 0.40087294578552246, 10: 0.557201623916626, 11: 0.5370495319366455, 12: 0.5024930238723755, 13: 0.375017374753952, 14: 0.525623619556427, 15: 0.5893517136573792, 16: 0.43715932965278625, 17: 0.5758710503578186, 18: 0.29583054780960083, 19: 0.42078009247779846}, 'Rt': 0.5, 'S': {1: 0.004782146399734621, 2: 1.0, 3: 1.0, 4: 1.0, 5: 1.0, 6: 1.0, 7: 1.0, 8: 1.0, 9: 1.0, 10: 1.0, 11: 1.0, 12: 1.0, 13: 1.0, 14: 1.0, 15: 1.0, 16: 1.0, 17: 1.0, 18: 1.0, 19: 1.0}, 'St': 0.8, 'K': {1: 0.002790183115878783, 2: 512.1863647283859, 3: 2783.240108239931, 4: 969.1170462710722, 5: 14305.313472378319, 6: 21203.303753998083, 7: 6614.196692467434, 8: 626.814802201932, 9: 11514.514799157343, 10: 22640.396417517997, 11: 11020.333779913275, 12: 232.19844718284992, 13: 4660.864117647411, 14: 16791.460205852854, 15: 7244.941212312497, 16: 4744.315371714194, 17: 34134.04292805842, 18: 1473.3085163580479, 19: 877.3770089145095}, 'Kt': 9.4877}",10.0,"('R', 0.07904248535776574)",c,0.0,[     1007.5      777.99      36.238      98.722],[     1007.4      777.96      36.249      98.397],1.0,"{'x_bottom_left': 0.10412301197418102, 'y_bottom_left': 25.719453086755813, 'x_bottom_right': 0.7341556944347245, 'y_bottom_right': 25.727435255275687, 'x_bottom_middle': 0.4191361801027636, 'y_bottom_middle': 25.723444130814286}",4.0,1.0,4.0,player,1.0,right,False
157,5000000010,[     992.75      963.38      49.484      115.43],0.82657516,000,1.0,"[[[          1           1           1 ...           1           1           1]
  [          1           1           1 ...           1           1           1]
  [          1           1           1 ...           1           1           1]
  ...
  [          1           1           1 ...           1           1           1]
  [          1           1           1 ...           1           1           1]
  [          1           1           1 ...           1           1           1]]]","[[          0     0.10918     0.49594    0.075271           0    0.061162    0.091089    0.020376    0.020577    0.024532     0.27369     0.14327           0     0.17444    0.026605     0.08871           0           0           0           0           0     0.57309     0.03426    0.040696     0.15458           0
            0    0.014454           0           0     0.10071     0.16308           0     0.14009           0    0.068117     0.13068     0.11507    0.048564    0.022118           0           0     0.02672    0.093116     0.33613     0.10572           0           0   0.0057105    0.021439      0.1394    0.094735
      0.18789    0.034867     0.12505    0.054182   0.0032432           0     0.14061           0           0           0           0   0.0054149           0           0    0.038425    0.035909           0     0.31325           0    0.040787    0.055943           0           0           0    0.085173           0
            0    0.015892     0.12646    0.083827           0    0.017258    0.055934    0.089861    0.045846           0           0    0.091077    0.044571     0.16275           0    0.027904           0    0.064068           0     0.11964   0.0029211           0   0.0057827     0.40085     0.20391           0
            0     0.11973           0    0.040682     0.15011           0           0           0   0.0086348    0.035291           0           0    0.084992           0     0.79419           0     0.16305           0    0.016188   0.0065475   0.0078896   0.0001448           0           0     0.21157     0.18881
            0     0.38628    0.020186           0     0.28243           0    0.085165    0.046018    0.011532           0           0  0.00060329    0.099799    0.062724     0.23679    0.065726    0.090263    0.081846           0    0.032203           0           0           0   0.0048842     0.14614     0.17523
            0      0.2678           0           0    0.078998     0.11744     0.20137    0.056272     0.23719    0.031237           0           0    0.028562           0     0.18297      0.2484     0.05588           0           0           0     0.27841    0.072342           0           0           0    0.087595
            0     0.39278    0.032383      0.1758    0.092554           0    0.092189    0.062742           0           0    0.050072    0.087417           0           0           0           0    0.081694    0.052021    0.047209           0    0.043465           0    0.010862           0    0.091209           0
     0.074277    0.088992    0.010316      0.1169           0     0.10021    0.068592     0.03997     0.12842     0.22975           0      0.1087           0     0.14005    0.048747           0     0.03409           0           0    0.029417    0.081567           0           0     0.12522           0    0.011001
     0.088237    0.013207     0.41148     0.34001    0.036827     0.11654           0  0.00033773     0.11013           0     0.48654           0     0.13128    0.032661    0.016883     0.15622     0.16849    0.017309    0.083388      0.1571        0.11    0.004332]]",3.748589277267456,player,[ True],10.0,"{'R': {1: 0.2946062684059143, 2: 0.16360482573509216, 3: 0.5449460744857788, 4: 0.2617812156677246, 5: 0.5692052245140076, 6: 0.5320454835891724, 7: 0.3387145698070526, 8: 0.582615315914154, 9: 0.41833794116973877, 10: 0.5684302449226379, 11: 0.5755904316902161, 12: 0.5404973030090332, 13: 0.3778223991394043, 14: 0.5512748956680298, 15: 0.6005184054374695, 16: 0.43124282360076904, 17: 0.5950794219970703, 18: 0.3222247362136841, 19: 0.4090411961078644}, 'Rt': 0.5, 'S': {1: 1.0, 2: 0.014542928533363364, 3: 1.0, 4: 1.0, 5: 1.0, 6: 1.0, 7: 1.0, 8: 1.0, 9: 1.0, 10: 1.0, 11: 1.0, 12: 1.0, 13: 1.0, 14: 1.0, 15: 1.0, 16: 1.0, 17: 1.0, 18: 1.0, 19: 1.0}, 'St': 0.8, 'K': {1: 711.5910789226526, 2: 0.001672876624719549, 3: 4462.11027958829, 4: 2807.2964923149166, 5: 17625.08473536339, 6: 22925.591282490335, 7: 11795.119106637609, 8: 1726.2367932495356, 9: 19025.133824685487, 10: 30025.627407121458, 11: 18516.512895450007, 12: 623.5678071774696, 13: 11094.787106379092, 14: 28797.303432445853, 15: 15219.794748034818, 16: 11200.173676269407, 17: 47700.69388882092, 18: 3180.140913433108, 19: 1057.2812569554515}, 'Kt': 9.4877}",10.0,"('R', 0.1627951659895403)",c,0.0,[     992.74      963.38       49.48      115.43],[     992.49      963.32      49.317      115.48],2.0,"{'x_bottom_left': -0.13183637425703904, 'y_bottom_left': 33.45718101987183, 'x_bottom_right': 0.5857407249815584, 'y_bottom_right': 33.466449941343015, 'x_bottom_middle': 0.22694805915113667, 'y_bottom_middle': 33.461815427438445}",34.0,1.0,34.0,player,1.0,right,False
158,5000000010,[     675.36       674.3      29.988      89.648],0.8084443,000,1.0,"[[[          1           1           1 ...           1           1           1]
  [          1           1           1 ...           1           1           1]
  [          1           1           1 ...           1           1           1]
  ...
  [          1           1           1 ...           1           1           1]
  [          1           1           1 ...           1           1           1]
  [          1           1           1 ...           1           1           1]]]","[[    0.66917    0.045246           0     0.17551     0.29075           0     0.10428           0           0     0.08651     0.46541    0.013569           0     0.22146     0.49569           0     0.24282           0           0           0           0     0.83527    0.036949    0.091354     0.11952           0
            0    0.068926           0           0           0      0.4222           0     0.20259     0.75572    0.086294    0.066154    0.033477    0.074824     0.16951           0           0           0           0     0.31848    0.069331           0           0           0    0.054014     0.19079           0
      0.23428    0.044943    0.044709      0.1113           0           0     0.10306           0           0           0    0.017734    0.058567           0           0    0.022005    0.010193           0     0.28357           0    0.059856     0.14793      0.1903           0      1.2045     0.17294    0.014679
            0           0    0.074774    0.023112           0    0.053537    0.091924     0.11629           0     0.20644           0    0.033473    0.042788     0.12554           0    0.070738           0           0     0.75987    0.071733    0.031735           0           0     0.12525           0           0
            0   0.0025483           0     0.26972     0.12333    0.052684    0.006931     0.11787           0     0.13493     0.77544    0.032712    0.047839           0     0.57675    0.098047           0           0    0.013863    0.075901    0.054563           0           0           0           0           0
       0.1606     0.26394     0.96827           0           0    0.021789    0.039413    0.024465           0     0.16047           0           0     0.12194    0.043917     0.18249    0.013891           0           0           0     0.12055    0.036315    0.082734    0.093275           0     0.14438           0
    0.0067174   0.0029675           0           0           0           0    0.089613           0     0.17083     0.16305           0     0.23024    0.065459    0.014749    0.003158     0.11117           0           0   0.0097598   0.0098466    0.074864           0   0.0059016           0           0           0
     0.051762     0.23496           0    0.021179           0     0.43697     0.17082           0           0    0.039384     0.10722    0.067603           0     0.90913           0           0    0.038191           0    0.048277    0.076144    0.057933     0.13864     0.13279     0.14743    0.014725           0
      0.14583           0     0.07136           0           0    0.015492           0    0.070245     0.18576     0.21579           0    0.052989           0     0.12225    0.083571           0           0           0    0.050218    0.058619    0.039375           0    0.099636     0.28159           0     0.18409
      0.14527    0.061677     0.21167    0.013869    0.062573           0           0   0.0016965           0     0.12887     0.15259           0           0           0    0.016519     0.30172    0.036529    0.044953    0.048895           0     0.15976    0.051025]]",3.683738946914673,player,[ True],10.0,"{'R': {1: 0.5212988257408142, 2: 0.5371884107589722, 3: 0.06498751044273376, 4: 0.49912071228027344, 5: 0.2203850895166397, 6: 0.1698073148727417, 7: 0.5205390453338623, 8: 0.3810136020183563, 9: 0.3648398518562317, 10: 0.20017603039741516, 11: 0.27925264835357666, 12: 0.23726946115493774, 13: 0.3762640058994293, 14: 0.24107122421264648, 15: 0.22011129558086395, 16: 0.40366461873054504, 17: 0.24275805056095123, 18: 0.5021407604217529, 19: 0.46679404377937317}, 'Rt': 0.5, 'S': {1: 1.0, 2: 1.0, 3: 0.026949859159376865, 4: 1.0, 5: 1.0, 6: 1.0, 7: 1.0, 8: 1.0, 9: 1.0, 10: 1.0, 11: 1.0, 12: 1.0, 13: 1.0, 14: 1.0, 15: 1.0, 16: 1.0, 17: 1.0, 18: 1.0, 19: 1.0}, 'St': 0.8, 'K': {1: 2326.1817995175807, 2: 2686.162615659262, 3: 0.008372434223594249, 4: 5805.444862026424, 5: 3994.1103480732722, 6: 9125.444009808818, 7: 15757.364076405396, 8: 476.05889548407646, 9: 22826.03109563156, 10: 7049.837103872197, 11: 2842.6530591645705, 12: 162.9183226790244, 13: 6263.787314010069, 14: 7227.540434451106, 15: 6849.951852817709, 16: 4566.200038604558, 17: 11982.319873666243, 18: 1738.9657016734723, 19: 1500.6533507140289}, 'Kt': 9.4877}",10.0,"('R', 0.06470443506163806)",c,0.0,[     675.36       674.3      30.003      89.637],[     675.28      674.03      30.508      89.287],3.0,"{'x_bottom_left': -6.3723053804807686, 'y_bottom_left': 19.813133920413296, 'x_bottom_right': -5.786065066727659, 'y_bottom_right': 19.820452062027957, 'x_bottom_middle': -6.079187971494842, 'y_bottom_middle': 19.816792956918214}",,0.0,,player,0.0,left,False
159,5000000010,[     17.165      626.36      30.269      92.737],0.7851568,000,1.0,"[[[          1           1           1 ...           1           1           1]
  [          1           1           1 ...           1           1           1]
  [          1           1           1 ...           1           1           1]
  ...
  [          1           1           1 ...           1           1           1]
  [          1           1           1 ...           1           1           1]
  [          1           1           1 ...           1           1           1]]]","[[    0.73732    0.019869           0    0.044621     0.43246           0    0.065616           0     0.14577    0.079785     0.50313    0.056584           0    0.077042     0.60812           0     0.15175           0           0           0           0     0.80987           0    0.012401     0.21746           0
            0    0.082932           0    0.017234           0     0.36547    0.012139     0.22464     0.60695    0.057938    0.067524    0.037125    0.015149     0.23644     0.17254           0           0           0     0.24728    0.031246    0.042549           0           0    0.044112     0.16893           0
      0.13647    0.038616           0    0.072202           0     0.11983    0.065346           0           0           0    0.026994    0.039297           0           0    0.076397           0           0           0   0.0090698     0.14453     0.22767           0           0      1.1451    0.085317    0.043737
            0           0     0.16426    0.012137           0     0.17913     0.03173     0.12601           0      0.2202           0           0    0.051846     0.11879           0    0.095781           0           0     0.68284    0.092873    0.068671           0           0     0.26745           0           0
            0    0.025619           0     0.18751           0           0           0     0.14339    0.022539    0.095782     0.61068    0.010921    0.086061           0     0.32769    0.026818           0           0    0.013109    0.088583    0.049988           0           0           0           0    0.053022
     0.054804     0.12315      0.7533           0           0    0.065172   0.0087989           0   0.0066817      0.1108           0           0      0.1349   0.0057685     0.15586      0.0767           0           0           0    0.072548           0     0.10984           0           0    0.083314           0
    0.0061567           0           0           0   0.0069256           0     0.08437           0     0.11722    0.099881           0     0.17815      0.1031   0.0076115    0.097033      0.1972           0           0           0           0     0.23059           0           0     0.16918           0           0
     0.014079     0.27978           0           0           0     0.54289      0.1653           0           0           0     0.19871     0.10873           0     0.79698           0           0           0   0.0051633    0.053145     0.16554     0.09047     0.18351     0.14261     0.11892    0.047346           0
     0.089925           0     0.10339    0.026856           0    0.023785           0    0.015644     0.21106     0.30071           0     0.10211           0     0.09963     0.12969           0           0           0    0.025092    0.070249     0.06046           0           0      0.2374           0     0.10064
     0.099252    0.087486     0.21067     0.19707           0    0.050962           0           0    0.044414           0     0.59712           0           0    0.013346   0.0037706     0.28371     0.10299    0.019989     0.09207    0.040105     0.14958    0.023284]]",3.6150460243225098,player,[ True],10.0,"{'R': {1: 0.5070580840110779, 2: 0.510713517665863, 3: 0.1669032871723175, 4: 0.49351567029953003, 5: 0.1921185851097107, 6: 0.03653228282928467, 7: 0.4956960678100586, 8: 0.3771105706691742, 9: 0.36552539467811584, 10: 0.17502345144748688, 11: 0.2773239314556122, 12: 0.1966727375984192, 13: 0.3882856070995331, 14: 0.22888395190238953, 15: 0.23856955766677856, 16: 0.44666358828544617, 17: 0.22263355553150177, 18: 0.4999372363090515, 19: 0.4704310894012451}, 'Rt': 0.5, 'S': {1: 1.0, 2: 1.0, 3: 1.0, 4: 1.0, 5: 1.0, 6: 0.04344690012916019, 7: 1.0, 8: 1.0, 9: 1.0, 10: 1.0, 11: 1.0, 12: 1.0, 13: 1.0, 14: 1.0, 15: 1.0, 16: 1.0, 17: 1.0, 18: 1.0, 19: 1.0}, 'St': 0.8, 'K': {1: 18938.614615701095, 2: 14765.156126664293, 3: 9760.551050541944, 4: 30232.882799216975, 5: 2556.0749160715204, 6: 0.011481213268242184, 7: 57608.518857491414, 8: 6973.686520321707, 9: 74567.08153067298, 10: 7630.609155730577, 11: 19694.053067468725, 12: 2261.478445588289, 13: 37103.12467538621, 14: 33264.08040472286, 15: 37122.982481848354, 16: 32878.94973628568, 17: 18625.391730876036, 18: 8965.734622140966, 19: 3456.3558622154123}, 'Kt': 9.4877}",10.0,"('R', 0.036407027481479455)",c,0.0,[     17.199      626.37      30.244      92.722],[     18.106      626.48       29.58       92.31],6.0,"{'x_bottom_left': -20.236930344874075, 'y_bottom_left': 16.899267201688478, 'x_bottom_right': -19.614815636336438, 'y_bottom_right': 16.906978612616353, 'x_bottom_middle': -19.925876086465813, 'y_bottom_middle': 16.903122868777736}",,0.0,,player,0.0,left,False
160,5000000010,[     1348.2      487.51      30.906       74.85],0.777128,000,1.0,"[[[          1           1           1 ...           1           1           1]
  [          1           1           1 ...           1           1           1]
  [          1           1           1 ...           1           1           1]
  ...
  [          1           1           1 ...           1           1           1]
  [          1           1           1 ...           1           1           1]
  [          1           1           1 ...           1           1           1]]]","[[          0    0.028926     0.55388           0    0.035286           0    0.032095    0.038615    0.016907           0     0.13507           0    0.029898     0.41023      0.3331    0.053503           0     0.12451    0.015662     0.25678           0     0.89142   0.0050947           0     0.11978           0
      0.14126    0.043085           0           0           0      0.3967   0.0051611     0.14089           0    0.029185    0.093379    0.035105    0.012767           0     0.12908           0           0     0.11125     0.11848    0.098494    0.014595    0.026311    0.085986    0.054471   0.0055299     0.15272
            0     0.07228    0.031454           0    0.099398     0.14549    0.066847           0           0           0    0.017395    0.091347           0           0    0.021429     0.00864           0     0.20831           0           0           0     0.12331   0.0041158   0.0064517    0.085771           0
      0.06772     0.03166           0           0           0     0.18827    0.088935           0   0.0011751    0.074496           0    0.056338    0.033585     0.25084     0.10917    0.077883           0           0           0     0.12486    0.054402    0.079788           0     0.34265     0.13904    0.057318
     0.019638   0.0072938           0           0     0.15109           0           0     0.13355     0.14915    0.080652     0.09482    0.056803           0           0     0.54052           0           0    0.066644    0.076257     0.10355     0.11688           0           0           0      0.3743    0.068076
      0.12819     0.27867           0           0      0.1482    0.033335           0    0.069094    0.095839     0.20053           0           0     0.19567    0.063551           0           0    0.033111           0           0           0           0           0     0.27715           0    0.083167     0.18548
            0    0.053824    0.046506           0    0.064505     0.09167    0.092232           0     0.15473           0           0     0.08751           0    0.003326    0.049393    0.048813           0    0.045392           0    0.033201     0.32574     0.10706           0           0    0.074655           0
            0     0.20318    0.016887    0.034598     0.15636           0           0    0.064861           0           0    0.070205   0.0057011           0    0.072253    0.024794   0.0031501     0.11354     0.15486    0.030347           0    0.065233           0           0     0.12345           0           0
     0.073772    0.058742           0    0.044866    0.016348    0.060709           0           0   0.0096628    0.074577    0.023794    0.062712           0    0.015458    0.038989           0           0      0.0472           0           0    0.048396    0.021042    0.018634     0.31398           0     0.21024
      0.11322    0.011051     0.32235     0.60486    0.036758     0.15353           0           0    0.069358           0     0.40678           0   0.0049461           0    0.031286      0.1702     0.12577           0    0.041257     0.11777           0     0.08816]]",3.6348516941070557,player,[ True],10.0,"{'R': {1: 0.290083646774292, 2: 0.3428787589073181, 3: 0.5301832556724548, 4: 0.3321703374385834, 5: 0.5306123495101929, 6: 0.5194423794746399, 7: 0.14433450996875763, 8: 0.5663112998008728, 9: 0.3412947654724121, 10: 0.5324335694313049, 11: 0.5418325662612915, 12: 0.4904160797595978, 13: 0.3231470286846161, 14: 0.502856969833374, 15: 0.5681071281433105, 16: 0.35994553565979004, 17: 0.5501514077186584, 18: 0.23900730907917023, 19: 0.43947839736938477}, 'Rt': 0.5, 'S': {1: 1.0, 2: 1.0, 3: 1.0, 4: 1.0, 5: 1.0, 6: 1.0, 7: 0.03754887938688822, 8: 1.0, 9: 1.0, 10: 1.0, 11: 1.0, 12: 1.0, 13: 1.0, 14: 1.0, 15: 1.0, 16: 1.0, 17: 1.0, 18: 1.0, 19: 1.0}, 'St': 0.8, 'K': {1: 3864.8134243784734, 2: 4974.966898838105, 3: 11003.245111876246, 4: 1377.9144253776715, 5: 27641.588736071633, 6: 37664.58612444672, 7: 0.0109948616240531, 8: 2336.4569103097606, 9: 385.1202417043315, 10: 38341.20797127492, 11: 20558.885336264608, 12: 733.3215401208786, 13: 4342.865017995241, 14: 23524.175964589867, 15: 6937.900208351646, 16: 6689.924558647775, 17: 52120.165672752424, 18: 1116.0293388296757, 19: 294.34430334975974}, 'Kt': 9.4877}",10.0,"('R', 0.1436678117270341)",c,0.0,[     1348.2      487.52      30.944      74.844],[     1347.2      487.74      31.894      74.683],7.0,"{'x_bottom_left': 8.746765193653527, 'y_bottom_left': 4.9168365981332105, 'x_bottom_right': 9.525339480175116, 'y_bottom_right': 4.9261802319239605, 'x_bottom_middle': 9.136047492548709, 'y_bottom_middle': 4.921508356891579}",,0.0,,player,1.0,right,False
161,5000000010,[     317.95      523.17      21.534      82.623],0.75789374,000,1.0,"[[[          1           1           1 ...           1           1           1]
  [          1           1           1 ...           1           1           1]
  [          1           1           1 ...           1           1           1]
  ...
  [          1           1           1 ...           1           1           1]
  [          1           1           1 ...           1           1           1]
  [          1           1           1 ...           1           1           1]]]","[[    0.95437    0.011802           0           0     0.47035           0    0.023623           0    0.092409    0.082039     0.28132     0.10858           0     0.24637      0.4851           0     0.12722           0    0.053173    0.055801           0     0.60327    0.012358    0.090257     0.17085           0
            0     0.11609           0           0           0     0.36731    0.011214    0.068948     0.65314    0.015883    0.044802   0.0038604    0.067089     0.20336     0.35719           0    0.044368           0     0.12237           0    0.020529           0           0    0.033973    0.075585           0
     0.041176    0.053745    0.058845    0.015846           0    0.097187    0.042683           0     0.22781           0    0.024178    0.058807           0           0           0           0           0           0    0.066164    0.091534     0.17353    0.042466           0      1.0212   0.0045063    0.047875
     0.033876   0.0096816     0.20487           0           0     0.14393   0.0066181    0.048409           0     0.23582           0           0     0.08564    0.083041    0.073709    0.061903    0.026677    0.015242     0.43242     0.11674    0.025588           0           0    0.053478           0           0
     0.050726           0           0     0.10458      0.0206           0           0     0.26891   0.0016914     0.15028     0.62832           0    0.097422           0     0.20873     0.01251     0.16352           0    0.047244    0.069889     0.19053    0.075898           0           0           0     0.24927
     0.074998     0.18468     0.65656           0    0.043665    0.075665           0           0           0     0.28238           0           0     0.02146           0    0.034959    0.018946           0    0.011922           0     0.19506    0.023007     0.12829           0           0     0.18034     0.17411
            0           0    0.017666           0    0.039651           0    0.041492           0    0.069266     0.25985           0     0.31272    0.047235    0.051018    0.041067     0.22127           0           0           0           0     0.19408   0.0040682           0     0.23895     0.10703           0
     0.014607     0.22871   0.0066723           0           0     0.54938     0.10089           0           0           0     0.19853    0.015313           0      1.0089           0    0.024587    0.063193    0.072252    0.051341     0.10893     0.14909     0.11922     0.18112     0.14305    0.012041    0.019293
      0.11862    0.017367    0.050102           0    0.022123    0.013558    0.049438    0.055557     0.11343     0.08804    0.036183    0.032442           0           0    0.031091           0           0           0    0.014945     0.04485    0.038341           0    0.096472     0.21093           0     0.18939
      0.12301     0.08188      0.3046     0.15809    0.059483    0.082212           0           0    0.048928           0     0.46987           0           0           0    0.038258      0.3345    0.056608    0.021725           0     0.18708    0.096746     0.10335]]",3.6975021362304688,player,[ True],10.0,"{'R': {1: 0.54630446434021, 2: 0.5465438365936279, 3: 0.22745706140995026, 4: 0.5513619780540466, 5: 0.09974003583192825, 6: 0.1758193075656891, 7: 0.5073820352554321, 8: 0.323957234621048, 9: 0.38408371806144714, 10: 0.14499640464782715, 11: 0.21479810774326324, 12: 0.18668434023857117, 13: 0.4234772026538849, 14: 0.1938924640417099, 15: 0.20638656616210938, 16: 0.4497758150100708, 17: 0.18255533277988434, 18: 0.5067127346992493, 19: 0.47708478569984436}, 'Rt': 0.5, 'S': {1: 1.0, 2: 1.0, 3: 1.0, 4: 1.0, 5: 0.14893280425231936, 6: 1.0, 7: 1.0, 8: 1.0, 9: 1.0, 10: 1.0, 11: 1.0, 12: 1.0, 13: 1.0, 14: 1.0, 15: 1.0, 16: 1.0, 17: 1.0, 18: 1.0, 19: 1.0}, 'St': 0.8, 'K': {1: 10399.387666112525, 2: 9243.449622494874, 3: 3468.7770571534234, 4: 17365.161679555877, 5: 0.013394344711015718, 6: 2085.8800044424756, 7: 34426.52592082552, 8: 3000.27613056831, 9: 45232.88987035746, 10: 931.561684721032, 11: 5615.199654710222, 12: 954.7017443967951, 13: 17799.017304132525, 14: 11625.966060834533, 15: 16920.365018942903, 16: 14620.978120880716, 17: 4296.134861769339, 18: 4307.674319744366, 19: 2434.8592673420926}, 'Kt': 9.4877}",10.0,"('R', 0.09930830737632369)",c,0.0,[     317.99      523.16      21.395       82.64],[      318.9      522.97        18.4      83.009],5.0,"{'x_bottom_left': -16.185622563345294, 'y_bottom_left': 8.554680417795572, 'x_bottom_right': -15.675582601104667, 'y_bottom_right': 8.560865626429313, 'x_bottom_middle': -15.930604662847754, 'y_bottom_middle': 8.557772996880917}",,0.0,,player,0.0,left,False
162,5000000010,[     381.06      392.93      20.005      66.712],0.73664063,000,1.0,"[[[          1           1           1 ...           1           1           1]
  [          1           1           1 ...           1           1           1]
  [          1           1           1 ...           1           1           1]
  ...
  [          1           1           1 ...           1           1           1]
  [          1           1           1 ...           1           1           1]
  [          1           1           1 ...           1           1           1]]]","[[    0.95082    0.057105           0           0     0.56117           0     0.01574           0    0.012541    0.075318     0.47013    0.073555           0     0.14056     0.51401           0      0.1918           0    0.073283    0.073226           0     0.74519    0.024236    0.064795      0.1992           0
            0     0.11516           0           0           0     0.39306    0.021054      0.1285     0.60111  0.00070254    0.088416    0.032122    0.051614     0.29125     0.42091    0.057005    0.040944           0     0.16571           0    0.032914           0           0    0.016281      0.0989           0
      0.26352    0.061796    0.052056   0.0012316    0.044047     0.13246    0.035782           0     0.11227           0    0.028189    0.041087           0           0   0.0094707           0           0           0           0     0.20666     0.16575    0.092864           0      1.0348    0.077793    0.059395
     0.036425           0     0.19794           0           0     0.15842    0.052303       0.156           0     0.22836           0           0     0.09621     0.11628    0.067542    0.095261           0    0.023716     0.58445     0.15148    0.030376    0.048121           0           0           0           0
      0.03564           0           0      0.1772     0.05497   0.0024936           0      0.2341           0     0.19146     0.85174   0.0067801           0           0      0.2377    0.021585           0           0   0.0076037    0.056682      0.1235    0.085238           0           0           0     0.23346
      0.22035           0     0.72382           0    0.028994     0.10827           0           0  0.00058421     0.24932           0           0     0.10055    0.014988    0.074813   0.0035879           0           0    0.077475     0.21036   0.0014088     0.17197    0.028412           0     0.12388           0
            0           0    0.014475   0.0025309    0.039473           0           0           0    0.083018     0.24829    0.019912     0.17454    0.061232     0.11182    0.084226     0.27211           0           0    0.032159           0           0           0           0     0.14995           0           0
     0.010586     0.17918  6.6079e-05           0           0     0.51546     0.10753           0           0           0     0.28396    0.061144           0      0.9933           0    0.068926    0.040218    0.067376    0.060981    0.091457     0.14785     0.13351     0.14086     0.13909           0    0.045979
     0.070836           0    0.031341           0  0.00012213    0.046237           0    0.067619    0.082705     0.17154           0    0.077814           0  0.00073305    0.045875           0           0           0    0.012353    0.021292    0.038374           0     0.15929     0.30941           0     0.16261
      0.12233    0.065625     0.12382    0.060492    0.017992    0.062194           0           0    0.052431           0     0.28384           0           0    0.042138     0.06548     0.28841    0.036179    0.022761   0.0099846    0.037487    0.080161     0.13857]]",3.6363399028778076,player,[ True],10.0,"{'R': {1: 0.5645862221717834, 2: 0.5679125189781189, 3: 0.20087900757789612, 4: 0.5582764148712158, 5: 0.1479419618844986, 6: 0.16343359649181366, 7: 0.5322845578193665, 8: 0.3579603135585785, 9: 0.3943454325199127, 10: 0.04679927974939346, 11: 0.2328459769487381, 12: 0.18258625268936157, 13: 0.4329916536808014, 14: 0.21435393393039703, 15: 0.20888017117977142, 16: 0.4547935128211975, 17: 0.18441547453403473, 18: 0.5336188077926636, 19: 0.5043061971664429}, 'Rt': 0.5, 'S': {1: 1.0, 2: 1.0, 3: 1.0, 4: 1.0, 5: 1.0, 6: 1.0, 7: 1.0, 8: 1.0, 9: 1.0, 10: 0.02034009067408027, 11: 1.0, 12: 1.0, 13: 1.0, 14: 1.0, 15: 1.0, 16: 1.0, 17: 1.0, 18: 1.0, 19: 1.0}, 'St': 0.8, 'K': {1: 10576.52039954351, 2: 10117.58414833759, 3: 3938.4201644864465, 4: 16411.056703029284, 5: 600.3017975663503, 6: 3983.2726713439015, 7: 30671.38871998026, 8: 2723.1432589581786, 9: 39601.64350431894, 10: 0.007182841375087974, 11: 3533.7958914995, 12: 838.2404723313568, 13: 14541.604883405953, 14: 6929.542773972565, 15: 12950.614815006584, 16: 11732.225849271661, 17: 802.7385330175131, 18: 3405.2842866337373, 19: 2244.5183146180443}, 'Kt': 9.4877}",10.0,"('R', 0.046601197557521935)",c,0.0,[     381.07      392.95          20      66.694],[     381.24       393.3      19.924      66.366],10.0,"{'x_bottom_left': -18.26664672869403, 'y_bottom_left': -6.989987856437207, 'x_bottom_right': -17.677260954621893, 'y_bottom_right': -6.983133081213461, 'x_bottom_middle': -17.971956620172026, 'y_bottom_middle': -6.986560501140488}",,0.0,,player,0.0,left,False
163,5000000010,[     1399.3      402.19      20.526      67.792],0.7258575,000,1.0,"[[[          1           1           1 ...           1           1           1]
  [          1           1           1 ...           1           1           1]
  [          1           1           1 ...           1           1           1]
  ...
  [          1           1           1 ...           1           1           1]
  [          1           1           1 ...           1           1           1]
  [          1           1           1 ...           1           1           1]]]","[[    0.29819    0.018126     0.35289   0.0072695     0.10805      0.0557    0.098653     0.02329           0     0.12743     0.38373    0.025527     0.11306     0.17327     0.45951   0.0064926           0    0.083599    0.011652     0.22675           0     0.93577    0.021198     0.06861     0.20146           0
            0    0.065919           0           0           0     0.46838    0.057077     0.12853     0.16443    0.081372     0.11937    0.046052    0.095776           0    0.084776           0    0.070833           0     0.25141     0.02269           0           0           0    0.063288    0.087757           0
            0           0     0.10028           0     0.12747     0.19943    0.086418           0           0           0    0.024386     0.15197           0           0           0    0.041359           0           0    0.059549    0.091605    0.099498     0.12018     0.01724     0.49727    0.097046           0
      0.07519    0.020499           0    0.068411           0   0.0046428           0     0.09038           0    0.047516           0     0.27355    0.075753     0.26725           0    0.025296     0.15681    0.019959     0.20928    0.089113    0.047967     0.16583           0     0.31343     0.25375    0.074522
      0.17818    0.054136           0           0     0.12942           0           0     0.16674     0.20654     0.14815     0.25127    0.055393           0           0     0.63772    0.033876    0.066052     0.15391    0.062531      0.1508     0.18661           0           0           0    0.096494    0.059604
      0.19038     0.32268     0.32764           0           0           0     0.13788    0.081381           0     0.27385     0.10422           0     0.12226     0.04214    0.099783           0    0.013877           0           0    0.072017    0.032756           0     0.18658           0     0.17441    0.014304
            0     0.16167     0.02101    0.057266     0.10414    0.021868           0           0     0.10884     0.06571           0     0.37417     0.03388           0           0     0.12636           0     0.06154           0    0.057909     0.45739     0.10859           0           0     0.15739    0.008111
    0.0022174     0.23217    0.024311      0.3977           0     0.14145    0.019735           0    0.047624    0.035032           0    0.018503           0     0.24126           0           0     0.10631     0.14207           0     0.19561     0.19272   0.0096554    0.070064    0.028622           0           0
            0     0.14121    0.035019           0           0    0.022705    0.074134   0.0079196     0.12903    0.037571           0    0.045269           0     0.03898   0.0033035           0           0  0.00052243           0   0.0019413    0.032149     0.10091           0     0.20606           0    0.052017
      0.19384           0     0.15036     0.31636    0.037966     0.15462           0           0     0.01169           0     0.25481           0    0.058964    0.013701    0.079934     0.23059   0.0071746    0.020665     0.01627    0.075596    0.052752    0.025918]]",3.716339111328125,player,[ True],10.0,"{'R': {1: 0.3576270043849945, 2: 0.405894011259079, 3: 0.3913338780403137, 4: 0.3196832835674286, 5: 0.38404524326324463, 6: 0.3834846615791321, 7: 0.33738917112350464, 8: 0.46474990248680115, 9: 0.09079159796237946, 10: 0.4039028286933899, 11: 0.41926082968711853, 12: 0.36963212490081787, 13: 0.2401084303855896, 14: 0.38382023572921753, 15: 0.4193210303783417, 16: 0.3252137005329132, 17: 0.41048774123191833, 18: 0.2942037880420685, 19: 0.3800830841064453}, 'Rt': 0.5, 'S': {1: 1.0, 2: 1.0, 3: 1.0, 4: 1.0, 5: 1.0, 6: 1.0, 7: 1.0, 8: 1.0, 9: 0.044208725859231746, 10: 1.0, 11: 1.0, 12: 1.0, 13: 1.0, 14: 1.0, 15: 1.0, 16: 1.0, 17: 1.0, 18: 1.0, 19: 1.0}, 'St': 0.8, 'K': {1: 5647.135794051037, 2: 6740.708768750921, 3: 13388.762426226333, 4: 2676.614448855715, 5: 30528.3518358187, 6: 40995.94116281319, 7: 325.137787060169, 8: 3023.1218962299595, 9: 0.002745561888773058, 10: 41616.62173092167, 11: 23233.90822205896, 12: 940.1331640114944, 13: 5490.035217752318, 14: 25705.90597906418, 15: 7947.443942528971, 16: 8241.087853761092, 17: 55835.003603387806, 18: 1302.7799726591118, 19: 248.20713861052675}, 'Kt': 9.4877}",10.0,"('R', 0.09035136778201142)",c,0.0,[     1399.2      402.17      20.573      67.798],[       1399      401.95      21.367      67.917],9.0,"{'x_bottom_left': 11.559888311044013, 'y_bottom_left': -5.299388671098937, 'x_bottom_right': 12.155502271240389, 'y_bottom_right': -5.292435877900236, 'x_bottom_middle': 11.857692456300885, 'y_bottom_middle': -5.295912307591603}",,0.0,,player,1.0,right,False
164,5000000010,[     662.34      431.89       25.73      63.993],0.72327685,000,1.0,"[[[          1           1           1 ...           1           1           1]
  [          1           1           1 ...           1           1           1]
  [          1           1           1 ...           1           1           1]
  ...
  [          1           1           1 ...           1           1           1]
  [          1           1           1 ...           1           1           1]
  [          1           1           1 ...           1           1           1]]]","[[     1.1551    0.028104           0           0     0.41913           0    0.018474           0    0.019442     0.10052     0.38462    0.027175           0     0.11896     0.39198           0    0.020593           0    0.062393           0     0.02037     0.72994           0     0.16754     0.23391           0
            0     0.11886           0    0.030568           0     0.18995           0     0.14244     0.82191    0.035602     0.10949           0    0.004761     0.26106     0.15925           0    0.077093           0      0.2214           0    0.040057    0.028534           0           0    0.096723           0
     0.081362     0.15179   0.0020165    0.023212    0.022443     0.01715    0.037602           0     0.29208    0.021992    0.012347     0.06822           0    0.021609    0.051751           0           0           0           0           0    0.051663     0.16049    0.018007      1.0057    0.043744    0.029867
      0.08393    0.029938     0.18641           0           0           0           0    0.022388           0     0.24617           0           0    0.056319    0.089009     0.09729     0.07944           0    0.064799     0.35296     0.14525    0.063291           0           0     0.18288           0     0.07109
            0           0           0     0.21282     0.04884           0           0    0.095868           0     0.19696     0.83571           0    0.068536           0     0.27493   0.0002895     0.15232           0     0.04366    0.063392           0    0.090661           0           0     0.12608    0.083445
     0.058041    0.028728     0.47539           0    0.065204    0.050802    0.024465    0.021179    0.090462     0.18473      0.1084           0     0.30597    0.013879           0           0           0           0     0.31502     0.15434           0   0.0027998    0.091706           0      0.1238    0.083758
            0           0           0     0.22218    0.015613           0     0.10752           0           0     0.19683     0.16294     0.55715     0.10355    0.064928     0.11659     0.25517           0           0   0.0078022           0     0.16121    0.015361           0     0.25637           0    0.011436
            0    0.037085           0     0.29924           0     0.22798     0.12736    0.036179    0.042455    0.024034     0.18639    0.060398           0      1.2505           0    0.063787    0.039042           0     0.04649     0.02943     0.19257    0.043213     0.11531     0.14641    0.054329           0
     0.036761           0     0.04295           0    0.089423    0.065221     0.12695    0.053783     0.11544     0.13278     0.20058    0.028959           0           0   0.0059582           0           0           0           0           0    0.067894           0    0.072504     0.42987    0.015768     0.15463
      0.10269    0.090416     0.28209           0    0.042882     0.14427           0           0     0.11436     0.35037     0.14927     0.02508           0           0    0.034057     0.15143     0.16108    0.002817    0.037264     0.54403           0      0.1226]]",3.7160186767578125,player,[ True],10.0,"{'R': {1: 0.5385634899139404, 2: 0.5606592297554016, 3: 0.27725738286972046, 4: 0.5483576655387878, 5: 0.20494401454925537, 6: 0.26926758885383606, 7: 0.5293177366256714, 8: 0.3257554769515991, 9: 0.4095980226993561, 10: 0.24336056411266327, 11: 0.04768998175859451, 12: 0.27316799759864807, 13: 0.45150503516197205, 14: 0.2502269446849823, 15: 0.2672211527824402, 16: 0.4353037178516388, 17: 0.27253860235214233, 18: 0.510155200958252, 19: 0.49512213468551636}, 'Rt': 0.5, 'S': {1: 1.0, 2: 1.0, 3: 1.0, 4: 1.0, 5: 1.0, 6: 1.0, 7: 1.0, 8: 1.0, 9: 1.0, 10: 1.0, 11: 0.009891227346057074, 12: 1.0, 13: 1.0, 14: 1.0, 15: 1.0, 16: 1.0, 17: 1.0, 18: 1.0, 19: 1.0}, 'St': 0.8, 'K': {1: 4796.3270480549145, 2: 5815.580429469142, 3: 1474.868151315444, 4: 7581.102336962637, 5: 3370.5408425750693, 6: 9598.560531005645, 7: 15326.620719379058, 8: 699.651036184348, 9: 20617.671178683853, 10: 3293.1313505521694, 11: 0.00035107505491283747, 12: 187.45015380476752, 13: 4376.990604596958, 14: 765.7394898811907, 15: 3404.8272498522438, 16: 2769.928980300899, 17: 3609.9522975797217, 18: 1045.626346932331, 19: 1483.4690649693803}, 'Kt': 9.4877}",10.0,"('R', 0.04745328722507611)",c,0.0,[     662.34      431.88      25.741       63.99],[     662.21      431.85      25.936      63.937],11.0,"{'x_bottom_left': -9.409870690746203, 'y_bottom_left': -2.3716141337630354, 'x_bottom_right': -8.694666846289829, 'y_bottom_right': -2.3631927532115387, 'x_bottom_middle': -9.052272858760547, 'y_bottom_middle': -2.367403491649059}",62.0,1.0,62.0,player,0.0,left,False
165,5000000010,[     726.75      336.86      20.607      55.801],0.7022738,000,1.0,"[[[          1           1           1 ...           1           1           1]
  [          1           1           1 ...           1           1           1]
  [          1           1           1 ...           1           1           1]
  ...
  [          1           1           1 ...           1           1           1]
  [          1           1           1 ...           1           1           1]
  [          1           1           1 ...           1           1           1]]]","[[    0.76657     0.10915           0           0     0.36958           0   0.0036369           0     0.17527     0.03246    0.017183    0.026386           0      0.2867     0.46965           0     0.24881           0    0.083213     0.10454    0.010379     0.94279    0.071218    0.091616     0.14763           0
            0     0.17754           0           0           0     0.35048    0.033216     0.13184     0.69312           0           0           0    0.039875     0.13762     0.40103           0           0           0     0.30671           0     0.05202           0           0           0     0.08102           0
      0.23474    0.090768     0.12703    0.058433           0           0    0.059059           0           0           0     0.06389    0.096515           0           0    0.057701           0           0           0     0.15029     0.15649     0.13102     0.17399           0      1.2053    0.064946    0.053778
      0.01472           0    0.071896           0           0     0.10449           0     0.12185           0     0.16028           0    0.039011     0.10279     0.16636     0.14057    0.094978           0    0.060506     0.55999    0.017946   0.0011211     0.10745    0.059607           0           0           0
            0           0           0    0.044712    0.017119     0.02953           0     0.15991   0.0030331     0.15573     0.62005           0    0.098177           0     0.28632           0           0    0.084629    0.081035    0.070825     0.17289     0.12275           0           0    0.048602     0.39465
       0.2221    0.051094     0.45988           0           0     0.05966    0.025029    0.015212    0.032762     0.29424           0           0     0.28412    0.077945   0.0039823    0.064689           0   0.0063338           0      0.1663  0.00026872     0.08389           0           0     0.18499    0.085745
    0.0011734           0    0.038932           0    0.015093           0           0           0           0     0.15987    0.032196     0.53289    0.040267    0.010983     0.24647     0.23651           0   0.0037854    0.023389           0     0.10421           0           0     0.13379    0.092594           0
     0.015271     0.20085           0           0           0     0.49597     0.15702     0.10385           0    0.023467     0.12337           0           0     0.84345           0    0.081134    0.053893    0.024848    0.039041           0      0.2358     0.10892      0.1733     0.10672    0.065788     0.10982
       0.1177   0.0058754    0.075139           0           0    0.029621    0.051448    0.078772    0.076562      0.1364   0.0048424           0           0     0.26174    0.068898           0           0           0    0.035603    0.067249     0.13827           0           0     0.15693           0     0.26007
     0.081204    0.077446     0.17601      0.3685    0.031589    0.094935           0           0   0.0080094    0.071454     0.33363           0           0           0    0.023831     0.21971    0.041999    0.059603       0.037     0.23164    0.017691           0]]",3.698460340499878,player,[ True],10.0,"{'R': {1: 0.52163165807724, 2: 0.5316810011863708, 3: 0.24670356512069702, 4: 0.5301582217216492, 5: 0.1940067559480667, 6: 0.23039363324642181, 7: 0.48136481642723083, 8: 0.33973467350006104, 9: 0.3700884282588959, 10: 0.19939254224300385, 11: 0.2547561824321747, 12: 0.20594969391822815, 13: 0.4060920178890228, 14: 0.05742795392870903, 15: 0.2525477111339569, 16: 0.4106568396091461, 17: 0.22994330525398254, 18: 0.4824077785015106, 19: 0.47412198781967163}, 'Rt': 0.5, 'S': {1: 1.0, 2: 1.0, 3: 1.0, 4: 1.0, 5: 1.0, 6: 1.0, 7: 1.0, 8: 1.0, 9: 1.0, 10: 1.0, 11: 1.0, 12: 1.0, 13: 1.0, 14: 0.033795979980181134, 15: 1.0, 16: 1.0, 17: 1.0, 18: 1.0, 19: 1.0}, 'St': 0.8, 'K': {1: 5601.651891658309, 2: 6934.399085956204, 3: 2881.4880106422775, 4: 7558.635685126423, 5: 5349.738256983668, 6: 12434.546779214576, 7: 13429.323713386799, 8: 891.1929375977214, 9: 17465.13832391771, 10: 4957.202424143574, 11: 589.7497629275321, 12: 231.88383108471996, 13: 3365.994212131559, 14: 0.007345396932038209, 15: 2084.0539772892653, 16: 2177.9477741879264, 17: 4566.129555641228, 18: 712.8831699638205, 19: 1352.6485842056281}, 'Kt': 9.4877}",10.0,"('R', 0.05717754114372568)",c,0.0,[     726.74      336.87      20.591      55.805],[      726.6      337.07      20.366      55.858],14.0,"{'x_bottom_left': -9.091885729111091, 'y_bottom_left': -16.84953895443805, 'x_bottom_right': -8.407881421619885, 'y_bottom_right': -16.84180177290831, 'x_bottom_middle': -8.74988731649595, 'y_bottom_middle': -16.845670405991342}",,0.0,,player,0.0,left,False
166,5000000010,[     865.84      558.21      35.668      131.08],0.6739723,000,1.0,"[[[          1           1           1 ...           1           1           1]
  [          1           1           1 ...           1           1           1]
  [          1           1           1 ...           1           1           1]
  ...
  [          1           1           1 ...           1           1           1]
  [          1           1           1 ...           1           1           1]
  [          1           1           1 ...           1           1           1]]]","[[      0.842    0.059331           0    0.021128    0.089482           0           0           0     0.25051    0.079708     0.18266    0.039774           0     0.10465     0.11411           0           0   0.0040186     0.04405           0           0     0.64865           0     0.20466     0.12141    0.042848
            0    0.046119           0           0           0     0.20639    0.042752    0.036814     0.71983    0.034919   0.0012078           0    0.038685    0.042689     0.34422           0           0           0     0.14398           0    0.047759           0           0           0      0.1876           0
      0.15976    0.064247    0.021912           0           0    0.019314           0           0     0.33961           0     0.04146    0.045256           0           0    0.080479           0           0     0.18527     0.25612           0     0.18272     0.12328    0.063096     0.72817     0.10333    0.032188
     0.036323   0.0058921     0.26727           0           0     0.12088    0.034737           0    0.021093     0.24335           0           0           0           0     0.10227     0.11539     0.11575           0     0.58741    0.041576    0.027646           0           0     0.13873           0           0
      0.04026           0    0.040258     0.16044           0           0           0     0.20386    0.052837     0.10099     0.72025           0     0.13605           0     0.15154    0.088416     0.20734           0     0.11884           0    0.036001    0.064656           0           0    0.068777    0.024996
      0.12077     0.18069     0.58063           0    0.097678     0.14722     0.10259           0     0.16989     0.18119     0.30419           0     0.10999           0           0           0           0     0.14693    0.049291    0.054435           0     0.14595           0           0     0.16398     0.09059
            0           0     0.08458    0.028531           0           0    0.070346           0           0     0.21636   0.0097427      0.6828    0.056857    0.020833     0.22613     0.14851     0.03168    0.017189           0           0     0.40972           0    0.003394     0.59863      0.1002     0.10934
            0           0           0     0.18322           0     0.20301     0.10549           0           0   0.0020043    0.086643     0.02206           0     0.76118           0    0.049433     0.11639    0.029886    0.025759           0     0.23086     0.11193     0.16608    0.080014    0.090371           0
      0.10358           0    0.073594   0.0091453     0.06057    0.046686     0.14794    0.068826     0.10242           0      0.1114    0.085152           0      0.1478    0.013362           0           0           0   0.0077453   0.0024434    0.057746    0.028479     0.30719     0.22954           0     0.25469
     0.099301     0.12628     0.25376     0.43135    0.030565    0.041105           0    0.025131    0.016336    0.027387    0.029084           0           0           0   0.0058147    0.067355     0.15901           0    0.053164     0.53067           0    0.016762]]",3.7435271739959717,player,[ True],10.0,"{'R': {1: 0.5165880918502808, 2: 0.5358555316925049, 3: 0.33573415875434875, 4: 0.5308617353439331, 5: 0.2520120143890381, 6: 0.3230544626712799, 7: 0.5120420455932617, 8: 0.21436642110347748, 9: 0.4232999384403229, 10: 0.31510066986083984, 11: 0.2503260672092438, 12: 0.2873152494430542, 13: 0.4709222614765167, 14: 0.2796497344970703, 15: 0.3304557204246521, 16: 0.4820016622543335, 17: 0.3210678994655609, 18: 0.5059833526611328, 19: 0.47978854179382324}, 'Rt': 0.5, 'S': {1: 1.0, 2: 1.0, 3: 1.0, 4: 1.0, 5: 1.0, 6: 1.0, 7: 1.0, 8: 0.17778098974088352, 9: 1.0, 10: 1.0, 11: 1.0, 12: 0.707829857339129, 13: 1.0, 14: 1.0, 15: 1.0, 16: 1.0, 17: 1.0, 18: 1.0, 19: 1.0}, 'St': 0.8, 'K': {1: 1172.8511376867673, 2: 2379.039764107366, 3: 1077.3434539917264, 4: 2487.5173844214287, 5: 8093.860090684128, 6: 15286.363441000161, 7: 7799.601051713152, 8: 1.1198858677661265, 9: 12057.92007745576, 10: 11462.245482024528, 11: 3164.6547293716458, 12: 14.348507526932094, 13: 1692.2970408862784, 14: 5289.207831347515, 15: 2298.231402158844, 16: 1035.9201669820784, 17: 16093.627673117027, 18: 585.5275227682522, 19: 1047.6770514995824}, 'Kt': 9.4877}",10.0,"('R', 0.21889401833679073)",c,0.0,[     865.96      557.37      35.319      131.92],[      867.4      548.59      31.224      140.76],8.0,"{'x_bottom_left': -2.8839576015687722, 'y_bottom_left': 15.12759507019902, 'x_bottom_right': -2.1236524675184407, 'y_bottom_right': 15.136971112087187, 'x_bottom_middle': -2.5038096559511733, 'y_bottom_middle': 15.132283034152158}",,0.0,,player,0.0,left,False
167,5000000010,[     933.82       449.9      22.378      67.661],0.6451359,000,1.0,"[[[          1           1           1 ...           1           1           1]
  [          1           1           1 ...           1           1           1]
  [          1           1           1 ...           1           1           1]
  ...
  [          1           1           1 ...           1           1           1]
  [          1           1           1 ...           1           1           1]
  [          1           1           1 ...           1           1           1]]]","[[     0.2558      0.0349     0.46842           0    0.020192           0    0.092339    0.099266           0     0.04133           0    0.078433      0.0456     0.51132     0.56393    0.073222           0    0.098161   0.0036239           0   0.0015154      1.1023     0.03826    0.042634     0.12022    0.040034
            0     0.11249           0           0           0     0.47325    0.049421    0.082844     0.34939    0.057116    0.093935      0.1389     0.10401           0           0           0    0.055763     0.10118     0.36856    0.031853    0.055567           0           0           0    0.027847     0.16102
            0     0.11256    0.064391           0    0.041082           0     0.11933           0     0.21667           0           0     0.15342           0           0   0.0086939    0.078571           0    0.081399           0           0   0.0086786     0.16348           0     0.78574      0.1392           0
      0.04044    0.083607           0    0.020495           0     0.01605           0           0           0           0           0     0.51848    0.072231     0.18636     0.14348     0.10379           0           0      0.1374     0.13451     0.09585     0.10537           0           0      0.2335     0.20751
     0.087578    0.055313           0     0.04008     0.20696           0           0    0.061523    0.039879     0.14578     0.55028   0.0068813           0           0      1.0961    0.025609   0.0035174           0    0.015585    0.083259     0.16635           0           0           0     0.51105           0
      0.14243     0.25878     0.20469           0    0.075545           0    0.054104     0.10522    0.041497     0.25971   0.0022889           0   0.0049974    0.054002           0           0    0.093008           0           0    0.017422    0.028738           0     0.26758           0    0.088863      0.3104
            0    0.016071    0.072117    0.057164    0.051457     0.13283    0.051583           0    0.073253           0      0.2485     0.28095           0    0.092833     0.10902    0.095106           0   0.0045558           0    0.075112    0.081871    0.096687           0           0    0.029988           0
     0.025208     0.21926     0.08562    0.038599           0    0.042469    0.045878           0           0    0.052241    0.055919    0.037982           0     0.85494    0.043676   0.0038625     0.11987     0.13218    0.040222    0.030965    0.054517           0           0   0.0045614    0.032968    0.060294
       0.0787    0.071474           0  0.00015973    0.035643   0.0078497    0.029754    0.023472    0.022378     0.11078    0.010996     0.06958    0.024267     0.14642           0    0.011576           0    0.013409           0           0           0    0.053871           0     0.23378           0    0.026582
      0.10319   0.0098698           0    0.021462    0.053361     0.18057           0           0    0.014371     0.42746     0.11642           0           0           0    0.060872     0.27791    0.093086    0.019979    0.050432     0.23136           0    0.044771]]",3.7358431816101074,player,[ True],10.0,"{'R': {1: 0.4338558316230774, 2: 0.5005084276199341, 3: 0.3813953101634979, 4: 0.4322315752506256, 5: 0.40119895339012146, 6: 0.4160386621952057, 7: 0.41908690333366394, 8: 0.4947762191295624, 9: 0.32332420349121094, 10: 0.4131050109863281, 11: 0.39164552092552185, 12: 0.4027588665485382, 13: 0.314974308013916, 14: 0.37559863924980164, 15: 0.4314548671245575, 16: 0.10565923899412155, 17: 0.44363486766815186, 18: 0.3252209424972534, 19: 0.4265387952327728}, 'Rt': 0.5, 'S': {1: 1.0, 2: 1.0, 3: 1.0, 4: 1.0, 5: 1.0, 6: 1.0, 7: 1.0, 8: 1.0, 9: 1.0, 10: 1.0, 11: 1.0, 12: 1.0, 13: 1.0, 14: 1.0, 15: 1.0, 16: 0.011248214758058261, 17: 1.0, 18: 1.0, 19: 1.0}, 'St': 0.8, 'K': {1: 2349.9792495135484, 2: 4006.0462976531517, 3: 2699.570519159452, 4: 2689.630066336596, 5: 9968.68870957655, 6: 18238.340671563394, 7: 5672.560681348906, 8: 262.9143456870069, 9: 8327.364837013052, 10: 12439.400309230517, 11: 3150.1791990645133, 12: 51.130639856409026, 13: 223.21254752060815, 14: 3234.245275410901, 15: 254.40771898916276, 16: 0.0014341323804245736, 17: 15459.909055184946, 18: 90.90719788179187, 19: 907.4144783365388}, 'Kt': 9.4877}",10.0,"('R', 0.10513811346105306)",c,0.0,[     933.83      449.91      22.383      67.649],[     933.89      450.05      22.441      67.517],16.0,"{'x_bottom_left': -1.8015689518783224, 'y_bottom_left': 0.18146342369471696, 'x_bottom_right': -1.1997769219506038, 'y_bottom_right': 0.18859681047810997, 'x_bottom_middle': -1.500675832106377, 'y_bottom_middle': 0.18503008276803984}",,0.0,,player,1.0,right,False
168,5000000010,[     951.44      372.75       21.87      64.948],0.63251275,000,1.0,"[[[          1           1           1 ...           1           1           1]
  [          1           1           1 ...           1           1           1]
  [          1           1           1 ...           1           1           1]
  ...
  [          1           1           1 ...           1           1           1]
  [          1           1           1 ...           1           1           1]
  [          1           1           1 ...           1           1           1]]]","[[       1.01  0.00048018           0    0.079243     0.37371           0    0.070769           0           0    0.088992     0.42762    0.061127           0     0.14609     0.45363           0     0.20063           0    0.070684    0.064795           0     0.54396           0    0.096671    0.081254           0
            0     0.13209           0           0           0     0.40317    0.021574    0.041949     0.54478    0.036106           0           0    0.061572     0.27744     0.29307           0           0           0    0.074352           0           0           0           0    0.003877    0.060738           0
     0.091301    0.011998    0.072237    0.042917    0.015902    0.070627    0.075613           0           0           0    0.036544     0.10465           0           0    0.005794           0           0           0           0     0.10076    0.078409     0.12522           0      1.2984    0.080248    0.051609
      0.01659           0     0.29041           0           0     0.17225    0.048693     0.10591           0      0.2068           0           0    0.038855    0.041639    0.093565     0.05473           0    0.024839     0.37503    0.084817    0.073727           0           0           0           0           0
     0.092201           0    0.025091     0.25774           0    0.042648   0.0044003     0.23784   0.0080586     0.20834     0.70572    0.017596    0.036025           0     0.44574           0    0.078884    0.050668           0     0.08417    0.048673    0.014269           0           0           0           0
      0.20552           0     0.97608           0           0     0.10419           0    0.058912           0     0.21446     0.15475           0     0.35434   0.0077483    0.098082           0           0           0           0     0.17241     0.11785    0.033883     0.16915           0     0.19528           0
            0           0   0.0056629           0    0.056484           0           0           0           0     0.23705           0     0.46295      0.1077    0.079913           0    0.098855           0    0.040576    0.023028           0       0.023           0    0.013534    0.043727    0.070053   0.0071836
     0.012672     0.16196    0.014224           0           0     0.85564     0.12145           0           0    0.045401     0.10357    0.068851           0     0.91852           0    0.067373     0.17124    0.050938           0      0.1154     0.14305      0.2304     0.18493     0.25383    0.017445           0
      0.13586    0.028498    0.090355           0           0           0           0     0.02051     0.11244     0.07699           0    0.058279           0           0    0.055807           0           0           0    0.066924    0.033737   0.0028278           0           0     0.13208           0     0.30094
      0.14832    0.034932     0.21364    0.029458   0.0055924           0           0    0.049861   0.0071757     0.13856     0.11868    0.010772           0   0.0046871    0.041535     0.29959    0.018859    0.045253           0           0    0.095248           0]]",3.646315574645996,player,[ True],10.0,"{'R': {1: 0.5857456922531128, 2: 0.5985024571418762, 3: 0.19959373772144318, 4: 0.578833818435669, 5: 0.20230236649513245, 6: 0.21581029891967773, 7: 0.558061420917511, 8: 0.35486772656440735, 9: 0.3965088427066803, 10: 0.1892625242471695, 11: 0.26135075092315674, 12: 0.20602265000343323, 13: 0.44123733043670654, 14: 0.24486848711967468, 15: 0.057800520211458206, 16: 0.4542865753173828, 17: 0.15542450547218323, 18: 0.5502750277519226, 19: 0.520849347114563}, 'Rt': 0.5, 'S': {1: 1.0, 2: 1.0, 3: 1.0, 4: 1.0, 5: 1.0, 6: 1.0, 7: 1.0, 8: 1.0, 9: 1.0, 10: 1.0, 11: 1.0, 12: 1.0, 13: 1.0, 14: 1.0, 15: 0.03703840655856505, 16: 1.0, 17: 1.0, 18: 1.0, 19: 1.0}, 'St': 0.8, 'K': {1: 3432.605981168099, 2: 5204.153069261473, 3: 3872.349947183122, 4: 3443.0428246548045, 5: 11015.139116572716, 6: 19665.608699263674, 7: 5623.751438895294, 8: 552.3947232584911, 9: 7671.955056869169, 10: 13110.041703134897, 11: 3696.4894887124346, 12: 132.56368088318217, 13: 285.071760204488, 14: 2953.38783432252, 15: 0.07909842387279917, 16: 245.06317747236346, 17: 15519.1078943603, 18: 31.39417664834967, 19: 881.176659184218}, 'Kt': 9.4877}",10.0,"('R', 0.05790700972976491)",c,0.0,[     951.47      372.71       21.84      65.076],[     951.79      372.37       21.54      66.314],15.0,"{'x_bottom_left': -1.5070451583786935, 'y_bottom_left': -9.805994778420388, 'x_bottom_right': -0.8374771188704657, 'y_bottom_right': -9.798271921012242, 'x_bottom_middle': -1.1722647226358218, 'y_bottom_middle': -9.802133391054618}",,0.0,,player,0.0,left,False
169,5000000010,[       1011      435.67      22.335      69.282],0.6311014,000,1.0,"[[[          1           1           1 ...           1           1           1]
  [          1           1           1 ...           1           1           1]
  [          1           1           1 ...           1           1           1]
  ...
  [          1           1           1 ...           1           1           1]
  [          1           1           1 ...           1           1           1]
  [          1           1           1 ...           1           1           1]]]","[[    0.21169    0.021446     0.41957     0.25545    0.072902     0.08221    0.082321    0.054003           0    0.039645     0.42374    0.088465           0     0.26126     0.57636    0.086841           0     0.11508           0      0.2804           0     0.76116    0.022746           0     0.15827           0
            0    0.013754           0           0    0.030225     0.47977    0.050592    0.098454     0.32127    0.035534     0.17428           0    0.069976           0           0           0     0.12885     0.15133     0.34325     0.16638    0.036871           0           0           0    0.097948           0
            0           0    0.029504           0           0    0.076038     0.12364           0    0.092949           0           0     0.17083           0           0    0.025828    0.057862    0.080621    0.069876   0.0054969           0   0.0046893   0.0026242           0     0.47702     0.15748           0
      0.04211           0           0    0.062228           0    0.004255    0.015527    0.061155    0.022668           0           0    0.084481    0.078063      0.2588           0    0.012307           0    0.016193     0.17066    0.080789    0.069433    0.067335           0     0.32759    0.080488     0.15701
            0    0.031483           0     0.10612     0.12083           0           0     0.18266     0.18322    0.091803     0.16691           0    0.030019           0     0.72598           0    0.026411           0    0.069693    0.059851     0.23348           0           0           0    0.029933           0
            0     0.30608     0.17482           0           0           0     0.10302    0.048798           0     0.25203           0           0    0.054298    0.025646     0.21819           0    0.082016           0           0     0.10632           0           0     0.23808           0     0.17564      0.1704
            0     0.24623           0           0    0.072473           0           0   0.0062648     0.11343           0    0.069474     0.19729     0.10196  0.00018243           0     0.12212           0    0.065844           0    0.038743     0.37907     0.05472           0    0.044834           0           0
            0     0.17039           0     0.14487           0    0.081394   0.0087439           0           0    0.020697    0.050056           0           0     0.10903    0.059513           0    0.063788     0.18104    0.030355    0.042483     0.28714           0    0.028912     0.11927           0           0
      0.14729     0.14102    0.015723           0           0           0    0.037583           0     0.11245    0.084824           0    0.047116           0     0.17131    0.032735           0           0           0           0   0.0020607     0.10665    0.043388           0     0.18654           0    0.040398
      0.14002    0.058681     0.16181     0.42248    0.031824     0.14725           0           0    0.010416           0     0.15397           0    0.040219           0    0.034055     0.19627    0.076044    0.035055   0.0071899           0     0.12969     0.09124]]",3.646479845046997,player,[ True],10.0,"{'R': {1: 0.35154497623443604, 2: 0.4035790264606476, 3: 0.4078669846057892, 4: 0.32115575671195984, 5: 0.4282864034175873, 6: 0.4088924527168274, 7: 0.3373112082481384, 8: 0.49665558338165283, 9: 0.23073500394821167, 10: 0.4402139186859131, 11: 0.4562353193759918, 12: 0.41678014397621155, 13: 0.07460633665323257, 14: 0.41769957542419434, 15: 0.45998844504356384, 16: 0.333863228559494, 17: 0.458109974861145, 18: 0.2749539017677307, 19: 0.4013720750808716}, 'Rt': 0.5, 'S': {1: 1.0, 2: 1.0, 3: 1.0, 4: 1.0, 5: 1.0, 6: 1.0, 7: 1.0, 8: 1.0, 9: 1.0, 10: 1.0, 11: 1.0, 12: 1.0, 13: 0.01360413905800284, 14: 1.0, 15: 1.0, 16: 1.0, 17: 1.0, 18: 0.9553892304872815, 19: 1.0}, 'St': 0.8, 'K': {1: 2402.91424698107, 2: 4131.445853465947, 3: 3857.248163962355, 4: 2081.264743398174, 5: 12631.247779428102, 6: 21428.739826282083, 7: 3831.8252382305072, 8: 445.62540225712905, 9: 5775.97128278369, 10: 16053.694446040161, 11: 5183.166654865589, 12: 109.35571374139481, 13: 0.007132294774909187, 14: 5206.4430014573545, 15: 307.1837558618974, 16: 231.5499302471319, 17: 20201.351981510823, 18: 28.012817011753658, 19: 768.8181122528504}, 'Kt': 9.4877}",10.0,"('R', 0.07426896644384096)",c,0.0,[       1011      435.69      22.332      69.242],[     1011.1      435.97      22.296      68.857],13.0,"{'x_bottom_left': 0.28006357412604715, 'y_bottom_left': -1.2068778015242008, 'x_bottom_right': 0.8925505528139457, 'y_bottom_right': -1.1996453148417807, 'x_bottom_middle': 0.5863040646580551, 'y_bottom_middle': -1.2032615935941393}",,0.0,,player,1.0,right,False
170,5000000010,[     457.18      316.77      19.463      51.736],0.5163465,000,1.0,"[[[          1           1           1 ...           1           1           1]
  [          1           1           1 ...           1           1           1]
  [          1           1           1 ...           1           1           1]
  ...
  [          1           1           1 ...           1           1           1]
  [          1           1           1 ...           1           1           1]
  [          1           1           1 ...           1           1           1]]]","[[    0.82866    0.063779           0    0.026169     0.40914           0    0.038742           0    0.087784    0.055864     0.10544     0.11133           0     0.20778     0.49726           0     0.25217    0.020136     0.08665     0.15537           0     0.66973    0.032646    0.076367     0.20486           0
            0     0.10245           0           0           0     0.18665     0.03192    0.046282      0.6821           0    0.028902   0.0097937    0.011164     0.24136     0.31335     0.01108    0.027046           0    0.078536           0    0.024764           0           0           0    0.094796           0
      0.12145     0.08208    0.067936    0.074188    0.098224    0.029144    0.046721           0    0.049986           0    0.053694     0.08524           0           0    0.011671           0           0           0    0.085346     0.20408     0.13515     0.14956    0.026668      1.1869    0.047835    0.038922
     0.038221    0.021163     0.21052           0           0    0.099226   0.0016636     0.13288           0     0.23646           0           0    0.092093     0.11096    0.050139    0.056215     0.12851    0.041829     0.31396    0.070864    0.080234     0.04033   0.0026648           0           0           0
       0.2221           0    0.066286     0.13742   0.0092502     0.04239    0.021104     0.18459   0.0088887     0.15847     0.50774           0   0.0084635           0    0.088007   0.0092919    0.027949    0.059674    0.037119    0.050622     0.12891     0.07925           0           0           0     0.16543
      0.20823    0.052061     0.82103           0           0    0.033483           0    0.038411    0.060391     0.24292    0.037806           0     0.37179    0.019004    0.076146           0           0     0.02683           0     0.18526     0.02502    0.034402     0.15817           0     0.20567    0.078896
            0           0   0.0017701           0    0.064688           0           0           0           0     0.30988           0     0.36799    0.096319    0.036382    0.031107     0.17248           0           0     0.05269           0     0.25645      0.0193           0     0.15986      0.1279           0
            0     0.30626     0.01086    0.090875           0     0.54111      0.1267    0.018386    0.038811   0.0093386     0.11781    0.063368           0     0.80401           0    0.031199     0.10821    0.012649    0.056662     0.25577     0.18485     0.10083     0.11162     0.22522    0.035283           0
     0.099589           0    0.075896           0    0.046632    0.020408           0    0.033012    0.069933    0.056618    0.016487    0.031705           0    0.073335    0.075746           0           0           0    0.034472    0.017967    0.071407           0     0.15926     0.20301           0     0.26988
     0.068772    0.062893     0.19537      0.1155    0.073891    0.050893           0    0.029547    0.055501     0.11969     0.33914    0.017328           0           0    0.041673     0.22657    0.035929    0.038599           0           0    0.034309     0.15102]]",3.620332717895508,player,[ True],10.0,"{'R': {1: 0.5556274652481079, 2: 0.5698950290679932, 3: 0.2248087078332901, 4: 0.5678487420082092, 5: 0.19028916954994202, 6: 0.2180263251066208, 7: 0.521334707736969, 8: 0.3165401816368103, 9: 0.3805403411388397, 10: 0.19144251942634583, 11: 0.24440385401248932, 12: 0.19675970077514648, 13: 0.43547773361206055, 14: 0.19219908118247986, 15: 0.1715618222951889, 16: 0.4574258327484131, 17: 0.07224994897842407, 18: 0.5324547290802002, 19: 0.4946441054344177}, 'Rt': 0.5, 'S': {1: 1.0, 2: 1.0, 3: 1.0, 4: 1.0, 5: 1.0, 6: 1.0, 7: 1.0, 8: 1.0, 9: 1.0, 10: 1.0, 11: 1.0, 12: 1.0, 13: 1.0, 14: 1.0, 15: 1.0, 16: 1.0, 17: 0.04662414929851655, 18: 1.0, 19: 1.0}, 'St': 0.8, 'K': {1: 10290.241060121347, 2: 10373.882136676768, 3: 4322.426707863111, 4: 15070.92659988189, 5: 1787.5624110746896, 6: 6279.0006017268715, 7: 26889.212997316423, 8: 2462.856194151759, 9: 34262.04489963624, 10: 520.6795019075986, 11: 2504.17370291268, 12: 735.4858731005603, 13: 11805.174556176316, 14: 4118.811377782047, 15: 9893.151436719949, 16: 9409.393070913102, 17: 0.08292388288082878, 18: 2677.9159358340908, 19: 2043.350294374853}, 'Kt': 9.4877}",10.0,"('R', 0.0723033186479361)",c,0.0,[      457.2      316.94      19.482      51.622],[     457.29      317.97       19.59      50.901],17.0,"{'x_bottom_left': -18.892801971168424, 'y_bottom_left': -21.19745764128036, 'x_bottom_right': -18.216439634773355, 'y_bottom_right': -21.18989859425719, 'x_bottom_middle': -18.554624462121023, 'y_bottom_middle': -21.19367815866356}",,0.0,,player,0.0,left,False
